nombre,dimensiones,codigo,categoria_id
Wine - Balbach Riverside,50x79,5214662890,62
Beef Striploin Aaa,out,7849256506,31
Sour Puss - Tangerine,100x100,2541046383,61
Cheese - Comtomme,50x79,8071147613,46
Rice - Aborio,out,8386044454,35
Pepper - Green,200x50,8139713562,22
Sour Puss - Tangerine,out,6578910042,11
"Veal - Brisket, Provimi,bnls",out,6431323866,10
"Salt - Rock, Course",out,1731513216,63
Olives - Stuffed,50x79,9603087661,36
"Garlic - Primerba, Paste",200x50,6086000166,41
Tamarillo,out,4973127892,25
Coffee - Ristretto Coffee Capsule,200x50,3110153475,24
"Soup - Cream Of Broccoli, Dry",out,8587145088,76
Goat - Leg,100x100,8716824741,60
Steampan - Foil,50x79,0564139408,66
Eggplant Oriental,100x100,8745966621,37
Muffin - Blueberry Individual,50x79,9075044038,68
Chocolate - Liqueur Cups With Foil,100x100,1757945970,43
"Wine - Red, Antinori Santa",out,3365736638,48
Lentils - Green Le Puy,200x50,9464013834,42
Appetizer - Crab And Brie,200x50,2827626489,39
Apple - Custard,50x79,9887927821,45
Sausage - Blood Pudding,out,3928466577,6
Longos - Burritos,200x50,2282288246,3
Pheasants - Whole,out,5237324614,5
"Juice - Orange, Concentrate",200x50,3190484929,77
Samosa - Veg,200x50,0841398801,70
Garlic - Peeled,100x100,4800906458,59
"Pasta - Spaghetti, Dry",200x50,9023419502,5
Tomato - Plum With Basil,100x100,3173574079,25
"Cherries - Maraschino,jar",out,3446267689,14
Tomatoes - Heirloom,100x100,7393222248,22
Icecream - Dibs,out,8840520309,59
Ice Cream - Chocolate,200x50,7348139949,20
Turkey - Ground. Lean,100x100,9725098285,39
Carbonated Water - Wildberry,100x100,5381673701,10
Nantucket Orange Juice,100x100,7506251698,64
Napkin Colour,out,4859610229,59
"Soup - Clam Chowder, Dry Mix",out,8810305132,25
Muffins - Assorted,200x50,0973284498,42
Muffin - Banana Nut Individual,200x50,2784402428,35
"Bread - Roll, Calabrese",50x79,7040190613,73
Pork - Ham Hocks - Smoked,out,8918456182,46
Spice - Greek 1 Step,50x79,7513115427,58
"Chocolate - Milk, Callets",out,4046195320,29
Pork - Backfat,50x79,0278853315,68
"Quail - Whole, Bone - In",100x100,5862244492,28
Truffle Cups - Brown,out,1093987626,21
Devonshire Cream,50x79,5634790492,25
Cookie Dough - Chunky,100x100,0232013152,64
Tea - Orange Pekoe,100x100,2936558581,57
"Lemonade - Natural, 591 Ml",100x100,6428092689,68
"Corn - Cream, Canned",100x100,9763897378,24
Sauce - Thousand Island,out,6730847328,5
Rice - Basmati,100x100,0534098045,64
Scallops - 20/30,100x100,9229496251,60
Cookies - Englishbay Chochip,200x50,3923423942,33
Cloves - Whole,50x79,1292794216,44
"Pasta - Linguini, Dry",50x79,5742662734,4
Plums - Red,200x50,4404062826,3
"Wine - Red, Pelee Island Merlot",out,2347388363,41
Ham - Cooked,200x50,2210398061,21
Puree - Mango,50x79,6684092579,56
Squash - Butternut,out,5278312084,68
"Sauce - Apple, Unsweetened",50x79,7041062104,14
"Tart Shells - Barquettes, Savory",out,5055541768,32
Tofu - Firm,200x50,1532063644,7
Ecolab - Hobart Upr Prewash Arm,200x50,3019567998,59
Lotus Rootlets - Canned,out,5721831731,63
Prunes - Pitted,out,2728439745,56
Oil - Peanut,200x50,0050669737,24
Cumin - Whole,200x50,0264089863,9
V8 Splash Strawberry Kiwi,200x50,1996762168,18
Curry Paste - Green Masala,50x79,2385415232,74
Pur Value,200x50,7597646690,71
Scallops 60/80 Iqf,200x50,3364505012,35
Mackerel Whole Fresh,200x50,5875117842,54
Cumin - Ground,200x50,7852830676,8
Appetizer - Tarragon Chicken,out,2289123250,24
"Mushroom - Enoki, Fresh",50x79,4409885359,43
Wine - Peller Estates Late,100x100,2907175726,57
"Wine - Red, Harrow Estates, Cab",out,3912851131,5
Shortbread - Cookie Crumbs,100x100,0017520754,47
Bread - Onion Focaccia,100x100,4335560664,72
"Pail - 15l White, With Handle",200x50,2236089090,19
Lamb Rack - Ontario,out,6036630328,16
Radish - Pickled,out,6459963797,55
"Sole - Dover, Whole, Fresh",out,8858714709,9
"Crab - Blue, Frozen",50x79,3081848148,48
Ice Cream - Life Savers,100x100,4014268608,27
"Mushroom - Chanterelle, Dry",200x50,3769620348,19
Cauliflower,100x100,9822998945,16
Tart - Lemon,200x50,2618345290,59
"Wine - White, French Cross",100x100,7158300994,49
Carbonated Water - White Grape,200x50,0397382561,54
Pasta - Cheese / Spinach Bauletti,50x79,1276325630,19
Ketchup - Tomato,200x50,9218302213,65
Soup - French Onion,200x50,1625688873,34
Beef - Striploin Aa,200x50,7630052219,38
"Beans - Black Bean, Canned",200x50,7010216436,64
Dried Peach,50x79,7477719089,24
Aromat Spice / Seasoning,100x100,2955007781,45
"Soup - Campbells, Classic Chix",200x50,0985512520,3
Capers - Pickled,100x100,1504585739,50
"Nut - Peanut, Roasted",out,7907364493,76
Beef - Diced,50x79,4395286011,12
Soup Campbells Split Pea And Ham,50x79,6282926297,38
Sprouts - Pea,200x50,7711362854,77
Swiss Chard - Red,out,2173584618,47
Pastry - Mini French Pastries,200x50,4351144386,36
Tomato - Tricolor Cherry,50x79,1187384542,32
Creamers - 10%,50x79,3603976290,56
Langers - Mango Nectar,out,7517448153,31
Island Oasis - Sweet And Sour Mix,200x50,1704716748,35
Hinge W Undercut,200x50,6398663772,16
Evaporated Milk - Skim,200x50,6047888607,51
Beer - Sleemans Cream Ale,out,9779100334,67
Vaccum Bag - 14x20,100x100,5192024153,7
Beef Cheek Fresh,100x100,3477521080,28
Tray - 16in Rnd Blk,50x79,9921002465,23
Table Cloth 62x114 White,200x50,2876267799,35
Cheese - St. Andre,out,5136370394,67
Muffin Mix - Banana Nut,out,3148016858,45
Nantucket Cranberry Juice,out,8249230787,69
Wine - Merlot Vina Carmen,out,7610537438,16
Maple Syrup,100x100,0627340997,68
"Mushroom - Oyster, Fresh",200x50,3115964846,20
Garam Masala Powder,100x100,1678839132,11
"Wine - White, Riesling, Henry Of",200x50,4877103643,29
Wine - Zinfandel Rosenblum,50x79,1279112557,67
"Beef - Ox Tongue, Pickled",out,4210014222,37
Pike - Frozen Fillet,50x79,3656580960,54
Onions - Cooking,out,4933409641,12
Propel Sport Drink,200x50,1470778742,34
Lettuce - Baby Salad Greens,200x50,6668361862,21
"Thyme - Lemon, Fresh",200x50,5575731510,52
Compound - Strawberry,200x50,2328941729,20
Flower - Commercial Bronze,50x79,4056606838,6
"Tart Shells - Barquettes, Savory",50x79,3901196714,44
Kiwano,100x100,8383274319,51
Bok Choy - Baby,50x79,6018827689,17
Mudslide,100x100,4263033337,18
Pepper - Red Chili,50x79,5533662774,13
Cod - Fillets,out,3571574753,39
"Cheese - Mozzarella, Buffalo",100x100,8636207118,32
Vinegar - Cider,100x100,6740668256,27
"Pasta - Fusili, Dry",50x79,0862527368,22
Sultanas,out,3165515689,53
"Beef - Kindney, Whole",50x79,6724438640,23
Lettuce - Escarole,50x79,1173346627,10
Scrubbie - Scotchbrite Hand Pad,200x50,4849407803,53
Ginger - Fresh,100x100,7649998193,69
Monkfish - Fresh,50x79,1578201330,37
"Wine - White, Pelee Island",100x100,9346787368,77
Beef - Short Loin,100x100,6547205940,33
Foie Gras,100x100,2379189021,53
Beer - Camerons Cream Ale,100x100,5046315696,71
Beer - Blue,200x50,0354067621,60
Juice - V8 Splash,50x79,3407007787,16
Wine - Rosso Toscano Igt,50x79,8905368026,13
Coffee Guatemala Dark,out,6151640632,10
Foam Dinner Plate,50x79,0037287338,3
Wine La Vielle Ferme Cote Du,100x100,0459368419,51
Butter Ripple - Phillips,out,8985620940,69
Paste - Black Olive,200x50,6384822911,42
Pears - Fiorelle,50x79,2858325383,14
Lettuce - Boston Bib,50x79,8947972010,12
Kiwi Gold Zespri,out,3243663172,14
Ocean Spray - Kiwi Strawberry,50x79,7996920664,14
Jack Daniels,out,5614578536,31
Dehydrated Kelp Kombo,50x79,2621062741,67
"Yogurt - Peach, 175 Gr",50x79,7030092473,24
Tomatoes Tear Drop Yellow,100x100,4136276648,53
"Lamb - Shoulder, Boneless",100x100,8193583477,59
Everfresh Products,out,3631900120,36
Spinach - Frozen,100x100,5082914294,62
Cup - Paper 10oz 92959,200x50,1623172004,15
Appetizer - Crab And Brie,100x100,5739005817,61
Snapple Raspberry Tea,50x79,1929831838,24
Pie Shell - 9,out,7758164447,15
Tomatoes Tear Drop,200x50,8444861367,49
Ecolab - Power Fusion,200x50,5039269021,73
Wine - Mondavi Coastal Private,out,7505884956,75
Bread Base - Italian,50x79,0321567234,57
Crab - Meat,100x100,8817389978,7
Potatoes - Fingerling 4 Oz,100x100,7486671506,41
"Iced Tea - Lemon, 340ml",100x100,1182748163,2
Compound - Passion Fruit,100x100,0280796358,8
"Chilli Paste, Ginger Garlic",out,1563716348,54
Bay Leaf,out,4032661553,65
Onions - Vidalia,50x79,0353486523,57
Tuna - Sushi Grade,out,7834130536,42
Daikon Radish,200x50,3011290024,76
Beets,100x100,3307087029,46
Cup - 4oz Translucent,50x79,3634602562,36
Waffle Stix,100x100,2910172465,70
Tea - English Breakfast,100x100,8887099812,10
"Soup - Knorr, Chicken Noodle",out,1465086080,3
Whmis Spray Bottle Graduated,out,1969463392,34
Papadam,50x79,1872220053,9
Cheese - Parmesan Grated,100x100,7369819310,21
Wine - Beaujolais Villages,100x100,1220791776,70
Onions - Pearl,50x79,9404868949,3
Nut - Macadamia,50x79,7014638793,58
Cheese - Pont Couvert,100x100,7025358460,69
"Tart Shells - Savory, 2",50x79,9521217634,65
Wine - Magnotta - Cab Sauv,out,6984974119,28
Sauce - Roasted Red Pepper,200x50,4907298382,58
Salmon - Fillets,100x100,0491366736,72
Soup - Campbells Mushroom,50x79,6676193981,43
Taro Leaves,50x79,1365076792,15
Arizona - Green Tea,200x50,2049123949,43
Sauce - Hp,200x50,5456204169,76
Napkin White - Starched,200x50,1544662610,40
Ginger - Fresh,200x50,3801204006,5
"Soup - Campbells, Spinach Crm",100x100,2104450772,60
Coffee - Decaffeinato Coffee,100x100,1208783440,74
"Chicken - Leg, Fresh",200x50,9038237707,60
Milk Powder,50x79,9098342485,43
Allspice - Jamaican,100x100,4081842833,45
Juice - Mango,100x100,5140115883,43
Kiwi,50x79,7360580749,58
Lid - 3oz Med Rec,out,8254283141,21
"Bread - White, Sliced",200x50,5437691769,16
Rootbeer,50x79,3033025293,16
Pears - Bartlett,out,4394605024,64
"Lobster - Baby, Boiled",out,4193780082,7
Arizona - Plum Green Tea,out,6551781241,60
"Yogurt - Raspberry, 175 Gr",200x50,5927343090,39
Soup - Campbells - Tomato,out,6876301613,71
"Fish - Atlantic Salmon, Cold",200x50,7587793488,21
Bagelers,200x50,9595302376,33
"Wine - Magnotta - Red, Baco",50x79,5583758716,47
"Chicken - White Meat, No Tender",100x100,4045607846,57
Juice - Ocean Spray Cranberry,out,9965506981,77
"Zucchini - Mini, Green",out,9562075354,34
Crush - Cream Soda,200x50,5871298974,2
"Yogurt - Blueberry, 175 Gr",200x50,5636370199,70
Mangoes,out,1522938362,53
Muffin Mix - Carrot,200x50,5565879213,62
Wasabi Powder,out,2612131582,8
Icecream Cone - Areo Chocolate,out,7688308496,9
Longos - Chicken Curried,100x100,6984078695,71
Devonshire Cream,100x100,9966253831,39
Bread - French Baquette,100x100,4944754205,11
"Lamb - Leg, Boneless",100x100,0129543594,10
Latex Rubber Gloves Size 9,out,8061841517,43
Avocado,100x100,0698254864,23
Squeeze Bottle,200x50,6529252681,26
Lobster - Cooked,100x100,9216380535,71
Olive - Spread Tapenade,50x79,2072275733,31
V8 Pet,200x50,4076236173,11
Rappini - Andy Boy,50x79,2153213533,17
Contreau,200x50,7255844456,5
Beef - Tenderloin,50x79,4153604402,74
"Bar Mix - Pina Colada, 355 Ml",50x79,4688239122,52
Nougat - Paste / Cream,50x79,5582096361,58
Cheese - Le Cheve Noir,100x100,2296915507,1
Longos - Chicken Caeser Salad,200x50,2898190004,41
Spice - Montreal Steak Spice,100x100,4750574422,1
"Ham - Smoked, Bone - In",200x50,1575427184,10
Cilantro / Coriander - Fresh,100x100,2852585111,45
Egg - Salad Premix,50x79,1294705105,41
Capers - Pickled,50x79,6294342236,75
Hold Up Tool Storage Rack,50x79,2388523354,70
Sauce - Soy Low Sodium - 3.87l,200x50,8045168773,66
Peach - Fresh,200x50,3442400368,15
Sobe - Lizard Fuel,out,9373950568,70
Sprouts - Baby Pea Tendrils,out,6605273206,30
Onions - Cippolini,out,1823728715,52
Eggroll,out,0412361426,22
Carbonated Water - Lemon Lime,50x79,3538531013,18
"Wine - Red, Colio Cabernet",100x100,7653421105,22
Baking Soda,50x79,3147047946,58
Tea - Black Currant,100x100,8717687632,10
"Soup - Canadian Pea, Dry Mix",200x50,5038636195,59
Bag Clear 10 Lb,200x50,2832739636,44
Chicken - Leg / Back Attach,50x79,0579053105,1
Table Cloth 90x90 White,out,6240904791,77
Pork Loin Cutlets,200x50,0797519041,61
Coffee - Dark Roast,50x79,0149736576,10
Wine - Zonnebloem Pinotage,200x50,2150253747,56
Spring Roll Wrappers,100x100,6415281615,48
Hog / Sausage Casing - Pork,out,4354788306,40
"Ham - Smoked, Bone - In",200x50,5238476426,71
Sachet,50x79,2971707725,51
Strawberries - California,50x79,0800424549,54
Tomatoes - Grape,100x100,6790543023,2
"Lid - High Heat, Super Clear",out,1179666224,50
Sponge Cake Mix - Vanilla,200x50,7880301712,32
Pepper - Jalapeno,50x79,1572706236,12
Veal - Ground,out,9081256319,53
Lemon Pepper,100x100,4389118846,54
Island Oasis - Magarita Mix,50x79,8762992368,75
Sachet,100x100,3798065853,63
Carbonated Water - Orange,200x50,6682845324,74
Island Oasis - Wildberry,out,2948164311,5
Pastry - Trippleberry Muffin - Mini,100x100,8428210543,65
Myers Planters Punch,out,8796113928,68
Sage - Rubbed,50x79,8015094399,1
Easy Off Oven Cleaner,100x100,8845612198,44
Chevere Logs,100x100,9092526460,17
Muffin - Mix - Strawberry Rhubarb,out,6040000724,50
"Pork - Loin, Boneless",50x79,0937951544,18
Corn Shoots,50x79,3411148330,7
Mushroom - Chanterelle Frozen,200x50,5026671020,51
Sesame Seed Black,out,4071050985,2
Salt And Pepper Mix - White,out,2830615123,24
"Water - Mineral, Carbonated",200x50,4211651854,44
"Juice - Tomato, 48 Oz",100x100,8850905793,57
Bread - White Mini Epi,out,4102717471,28
Mushroom - King Eryingii,50x79,5166768353,69
Yogurt - Plain,50x79,4892577960,27
"Wine - Harrow Estates, Vidal",100x100,3690632323,37
Lettuce Romaine Chopped,100x100,5936856399,71
Bread Cranberry Foccacia,out,0657397148,15
Rice Wine - Aji Mirin,100x100,8228912064,11
Cheese - Montery Jack,100x100,6027790903,2
"Stock - Beef, White",50x79,1531691374,29
Energy Drink - Franks Original,out,0789929430,60
Sauce - Chili,out,0914515993,23
Bread - Granary Small Pull,out,2397714612,9
Dip - Tapenade,200x50,7978528758,61
Ham Black Forest,200x50,8897754996,59
Juice - Apple 284ml,200x50,4599590355,16
Cheese - Provolone,out,0639756808,69
Campari,100x100,8389369494,59
Lettuce - Belgian Endive,50x79,5446441125,14
Pasta - Canelloni,50x79,9981695165,27
Phyllo Dough,out,0883159902,67
"Beef - Ox Tongue, Pickled",200x50,5065220611,32
Beer - Camerons Cream Ale,200x50,3608457712,49
Grapefruit - White,out,8178816180,38
Wine - Lamancha Do Crianza,100x100,5876796603,53
Pan Grease,50x79,7819406372,41
"Beef - Rouladin, Sliced",200x50,6649705853,21
Grenadine,200x50,3600374400,6
Wine - Placido Pinot Grigo,50x79,6183240737,34
Appetizer - Mango Chevre,50x79,5914917085,75
Bar Energy Chocchip,200x50,3344474545,36
Muffin Orange Individual,50x79,8623577426,61
Snapple Raspberry Tea,out,2948828813,11
Foam Espresso Cup Plain White,100x100,2140490088,9
Turkey Tenderloin Frozen,50x79,1381409121,47
Cheese - St. Andre,50x79,9714159458,27
Napkin White - Starched,out,9903624131,13
Pepper Squash,200x50,0938946420,72
Duck - Legs,200x50,8304436175,19
"Chicken - Base, Ultimate",200x50,1345452063,65
"Cheese - Havarti, Salsa",100x100,5596782971,51
Thyme - Dried,100x100,1304023842,60
Yoplait - Strawbrasp Peac,100x100,0652445047,16
Wine - Cotes Du Rhone,out,4599430471,37
Crab - Meat Combo,200x50,7581485536,16
Plastic Arrow Stir Stick,50x79,8168368452,29
Bandage - Flexible Neon,50x79,8741725948,22
Coffee - Dark Roast,out,8266109796,51
Pastry - Baked Scones - Mini,50x79,9669755662,30
Towel - Roll White,out,3898886344,37
Flavouring - Raspberry,out,4019210403,47
Wine - Black Tower Qr,50x79,5232052217,34
Vaccum Bag - 14x20,100x100,3553052864,32
Wine - Barossa Valley Estate,50x79,5193753353,76
"Turkey - Whole, Fresh",out,3898758184,17
Capon - Whole,50x79,1273477804,1
Dragon Fruit,50x79,4183032865,75
"Stock - Veal, White",out,5285173493,71
Vaccum Bag 10x13,out,8026798813,15
"Pork - Bacon, Sliced",200x50,5450920458,62
Island Oasis - Ice Cream Mix,200x50,0791051145,53
Wine - Pinot Noir Mondavi Coastal,50x79,0390364177,41
Wine - Clavet Saint Emilion,out,2194042164,62
Energy Drink - Franks Pineapple,out,1835197469,60
"Plate - Foam, Bread And Butter",50x79,2505270716,27
Parsley Italian - Fresh,200x50,8628970398,42
"Bread - White, Sliced",100x100,8868491907,48
Cucumber - English,100x100,1779831757,67
Dates,50x79,6267668126,68
Ice Cream Bar - Hagen Daz,out,2594151254,41
Calypso - Pineapple Passion,200x50,6446090935,28
Chocolate Bar - Reese Pieces,100x100,3404256689,29
Chocolate - Milk Coating,200x50,6644968244,18
Beef - Tenderloin - Aa,200x50,5085010337,3
Oil - Cooking Spray,50x79,7501335389,41
Lobster - Canned Premium,200x50,3711390412,33
Eggplant Oriental,out,2313189961,53
Soup - Cream Of Potato / Leek,50x79,9609657052,20
Containter - 3oz Microwave Rect.,100x100,1700286633,28
Bar - Sweet And Salty Chocolate,200x50,7848748480,62
Kellogs Cereal In A Cup,100x100,1845662725,75
Walkers Special Old Whiskey,50x79,9998192307,35
Truffle Cups Green,200x50,4425334833,14
Squid - U - 10 Thailand,50x79,6146416673,23
"Rum - Coconut, Malibu",100x100,9553115713,36
Bagels Poppyseed,100x100,6740567735,12
Tomatoes Tear Drop,out,4958817522,14
Coffee Decaf Colombian,100x100,6706295892,16
Ostrich - Prime Cut,50x79,9937155398,35
Rosemary - Fresh,50x79,4605257101,68
"Cheese - Mozzarella, Buffalo",50x79,1513363980,38
Wine - Ruffino Chianti Classico,out,3681556997,46
Pickles - Gherkins,200x50,5689150649,17
Table Cloth 81x81 White,50x79,7557301145,58
Cheese - Brie,100x100,3561064175,29
Garam Marsala,50x79,0558174272,37
Bread - French Stick,200x50,3672445290,29
Onions - Pearl,200x50,9907264520,57
Apricots Fresh,out,9153463277,16
Muffin - Mix - Mango Sour Cherry,200x50,3683980869,36
Gherkin - Sour,out,6037987068,69
Appetizer - Shrimp Puff,50x79,0925903906,62
Wine - Ej Gallo Sonoma,out,4058178868,5
Oil - Avocado,out,9224467628,27
"Tomatoes - Cherry, Yellow",out,3548597262,67
Pork Loin Bine - In Frenched,200x50,4044863563,39
Carroway Seed,50x79,1240636431,48
Paper - Brown Paper Mini Cups,50x79,2700247647,60
"Turkey - Breast, Bone - In",200x50,4923549696,4
Soup Campbells Beef With Veg,200x50,9525657078,58
Versatainer Nc - 9388,100x100,2318992177,39
Chocolate Liqueur - Godet White,out,7157337177,31
Appetizer - Mango Chevre,out,2411471254,51
Gatorade - Orange,out,3528859733,20
Shrimp - Black Tiger 26/30,50x79,6569775057,44
Muffin Hinge - 211n,100x100,1955079412,53
Melon - Watermelon Yellow,out,2267556405,62
Island Oasis - Ice Cream Mix,out,4815595062,12
Wine - Baron De Rothschild,100x100,7351740925,17
Pastry - Key Limepoppy Seed Tea,200x50,7852454836,28
Shrimp - Black Tiger 6 - 8,out,9310456698,55
"Lemonade - Mandarin, 591 Ml",100x100,2800810998,13
Cookies - Englishbay Oatmeal,50x79,8058719218,37
Wine - Fat Bastard Merlot,100x100,3512559115,54
Carbonated Water - Blackberry,50x79,1306711657,69
Trout Rainbow Whole,100x100,3895491675,31
Apple - Northern Spy,50x79,7551762299,43
Duck - Breast,200x50,2881783740,36
Beef - Ground Medium,out,9603853941,44
Soup Bowl Clear 8oz92008,out,1655192779,26
"Cherries - Bing, Canned",200x50,3041254980,1
Juice - Orange 1.89l,200x50,2296381006,40
Fondant - Icing,200x50,8572903542,18
Wine - Ruffino Chianti Classico,50x79,1673569528,7
Apple - Northern Spy,out,0261119958,38
Laundry - Bag Cloth,out,9761831604,23
"Bar Mix - Pina Colada, 355 Ml",50x79,9838401919,49
Flour - Pastry,50x79,6715774269,48
Wine - Crozes Hermitage E.,200x50,9389335736,46
Bread - Mini Hamburger Bun,out,3331021261,25
"Pasta - Tortellini, Fresh",50x79,5016358745,53
Gatorade - Cool Blue Raspberry,200x50,3018982517,7
Syrup - Pancake,200x50,0871307715,63
"Crab - Claws, 26 - 30",100x100,4863574924,25
"Pasta - Fett Alfredo, Single Serve",100x100,0582961114,5
Wine - Ice Wine,50x79,6698523763,53
Cookies Oatmeal Raisin,out,3020527384,6
Sponge Cake Mix - Chocolate,100x100,5877060007,58
Wine - Port Late Bottled Vintage,50x79,6492443705,31
"Soup - Campbells, Butternut",200x50,5424226825,55
"Pepsi - Diet, 355 Ml",out,5040964935,18
Bread - Rosemary Focaccia,200x50,4597417982,27
Flavouring - Raspberry,50x79,1783095709,27
Icecream - Dibs,50x79,5614980512,11
Butter - Unsalted,100x100,6934036328,22
Chicken - Leg / Back Attach,out,2841710610,39
Ostrich - Fan Fillet,50x79,2272946739,47
Pomello,100x100,3266842154,67
Cup - 8oz Coffee Perforated,out,0903985810,31
Milk - Condensed,50x79,0387284222,57
"Soup - French Onion, Dry",200x50,4316287842,1
Squid - Tubes / Tenticles 10/20,200x50,1812967497,4
Cranberries - Frozen,out,9489571776,61
Fudge - Cream Fudge,200x50,3818577935,38
"Juice - Clam, 46 Oz",100x100,0674396367,20
"Juice - V8, Tomato",200x50,6887127563,6
Pecan Raisin - Tarts,100x100,0662232631,63
"Soup - Knorr, Chicken Noodle",out,7339476962,48
Langers - Ruby Red Grapfruit,50x79,2794175750,52
Chocolate - Mi - Amere Semi,50x79,1034673335,71
"Flour - Buckwheat, Dark",out,9609358128,6
Cheese - Mix,100x100,0735070563,7
Cheese Cloth No 100,50x79,6342114366,4
"Wine - Red, Lurton Merlot De",50x79,9832374685,51
Potatoes - Fingerling 4 Oz,50x79,1733114106,72
Longos - Grilled Veg Sandwiches,50x79,3216475816,2
Cookies Almond Hazelnut,50x79,0496396978,14
Devonshire Cream,100x100,8874567340,1
Molasses - Fancy,50x79,5015918224,23
Rice - Aborio,200x50,6290851950,70
Creme De Cacao Mcguines,100x100,3572471486,53
Onions - Green,200x50,1091202672,13
Muffin Mix - Lemon Cranberry,100x100,8940845528,19
Steam Pan Full Lid,200x50,9800569014,4
Pepper - Green,out,7198071635,60
Bread Base - Gold Formel,50x79,5644350851,27
Sprouts - Peppercress,100x100,5517843735,48
Food Colouring - Blue,out,2033621022,43
Appetizer - Southwestern,100x100,3526910952,46
Appetizer - Escargot Puff,50x79,0546905919,28
Sugar - White Packet,50x79,1465053344,39
"Mushroom - Morels, Dry",50x79,1771234164,58
Liquid Aminios Acid - Braggs,100x100,2798085101,21
Soup Campbells Split Pea And Ham,200x50,6207735927,34
Magnotta - Bel Paese White,200x50,0242574777,17
Tomatoes - Heirloom,200x50,1079356576,72
"Syrup - Monin, Irish Cream",100x100,8100232253,59
Scotch - Queen Anne,200x50,5176751305,71
V8 Splash Strawberry Kiwi,200x50,9814068500,71
"Shrimp - Baby, Cold Water",out,2584800330,34
Yukon Jack,50x79,6219066480,3
Red Currants,out,8290618972,26
Beer - Pilsner Urquell,100x100,2520156325,23
"Wine - White, Mosel Gold",200x50,9369584773,9
Pork - Caul Fat,100x100,0962521949,71
Banana - Green,200x50,5981285869,52
Lamb - Shoulder,200x50,3231624983,11
True - Vue Containers,100x100,7761945306,5
"Pasta - Shells, Medium, Dry",out,3449691945,3
Tomato - Green,out,3971278388,15
Beans - Kidney White,100x100,0419378200,23
"Leeks - Baby, White",200x50,7148240379,14
Octopus,out,4372574126,11
Dip - Tapenade,50x79,8953520819,54
Water - Tonic,out,4693991007,35
Kellogs All Bran Bars,50x79,5213738710,24
Ice Cream - Life Savers,200x50,8719732619,41
Shark - Loin,200x50,2254607022,43
Soup - Campbells Mac N Cheese,100x100,9446170486,20
Mahi Mahi,out,6880922554,74
"Beef - Kindney, Whole",out,7762925732,53
"Artichokes - Knobless, White",50x79,5850712798,64
Chervil - Fresh,100x100,1990282881,63
"Pineapple - Canned, Rings",50x79,7070764987,33
Pork Loin Cutlets,200x50,7454554946,14
"Lemonade - Black Cherry, 591 Ml",50x79,0734070969,28
Cheese - Grana Padano,out,6440026623,37
Beef - Salted,50x79,0903343088,50
Lamb Rack Frenched Australian,200x50,1290009120,42
Wine - Coteaux Du Tricastin Ac,50x79,4736219408,51
Longos - Cheese Tortellini,out,3464851435,74
Soup Knorr Chili With Beans,out,3155470348,18
Gatorade - Fruit Punch,200x50,5633337743,19
Sambuca Cream,200x50,7097182377,9
Plastic Arrow Stir Stick,100x100,4314920394,2
Chicken - Whole,out,7230663849,39
Chick Peas - Dried,200x50,6987965897,49
Bandage - Finger Cots,200x50,2105128637,76
Cake - Mini Potato Pancake,out,2988756481,52
Eel Fresh,200x50,7341969377,55
Veal - Ground,200x50,6329277710,38
"Lid - High Heat, Super Clear",200x50,6164464323,62
Chives - Fresh,out,8250861507,24
Spice - Onion Powder Granulated,200x50,0489450776,33
"Juice - Apple, 500 Ml",50x79,3195655772,62
Pepper - Red Bell,100x100,9383584572,16
"Lamb - Leg, Bone In",100x100,4473781062,50
Cheese - Provolone,100x100,4113796955,23
Bread - Assorted Rolls,out,9373821431,36
"Asparagus - White, Canned",100x100,6751139020,73
"Tendrils - Baby Pea, Organic",200x50,1887817204,24
Onions - Red Pearl,out,2959730577,6
Southern Comfort,100x100,5921233757,11
Cocktail Napkin Blue,50x79,1903906237,67
Oven Mitts 17 Inch,out,6625861162,63
Crab Meat Claw Pasteurise,out,7467267185,47
"Wine - Red, Harrow Estates, Cab",100x100,2300895005,55
Sobe - Orange Carrot,50x79,2832924875,19
Olives - Morracan Dired,200x50,5168237096,72
Wine - Beringer Founders Estate,200x50,5720385053,11
Appetizer - Southwestern,100x100,2749438950,18
Truffle - Peelings,out,3731273683,68
Island Oasis - Pina Colada,100x100,3450602713,33
Cheese - Gorgonzola,out,7414351335,4
Scallops - In Shell,200x50,0454129300,49
Schnappes Peppermint - Walker,out,1637543123,56
Sprouts - Alfalfa,out,5878366452,45
Appetizer - Seafood Assortment,out,5846041604,27
Puree - Pear,50x79,4903123669,37
Pastry - French Mini Assorted,200x50,7172996216,26
Oregano - Fresh,50x79,9212323014,20
Soup Campbells Turkey Veg.,100x100,7309240812,67
Danishes - Mini Raspberry,200x50,2279529378,2
Garlic - Elephant,out,0995729522,28
Compound - Rum,out,1438487045,31
Cheese - Fontina,100x100,6233027098,66
Daves Island Stinger,out,3700662505,25
Water - Tonic,200x50,4109103428,20
"Trout - Hot Smkd, Dbl Fillet",200x50,9754743924,58
Pastry - Chocolate Marble Tea,200x50,7727792500,26
Beer - Paulaner Hefeweisse,out,8039646197,9
"Artichokes - Knobless, White",200x50,0317828355,75
Toamtoes 6x7 Select,100x100,4198833508,5
Chocolate - Sugar Free Semi Choc,200x50,9880407474,49
Lidsoupcont Rp12dn,50x79,6524262751,32
"Pepper - White, Whole",100x100,5500154087,67
Food Colouring - Red,out,5435186773,76
"Wine - White, Schroder And Schyl",200x50,8979976186,42
Oil - Margarine,out,6538608396,76
Wine - Savigny - Les - Beaune,50x79,2374590232,50
Beer - True North Lager,out,4073889931,64
Beer - Molson Excel,50x79,5000781392,77
"Extract - Vanilla,artificial",out,2603851101,55
Skirt - 29 Foot,out,0335889069,68
Fudge - Cream Fudge,100x100,1884253296,54
"Lemonade - Strawberry, 591 Ml",100x100,8791321441,50
Wine - Casillero Del Diablo,50x79,4477475438,9
Fudge - Chocolate Fudge,50x79,4688527071,44
Cookies Cereal Nut,50x79,0116944447,22
Peppercorns - Green,out,8019473386,70
Table Cloth 54x54 Colour,100x100,3781830861,29
Tuna - Fresh,50x79,3521031810,50
Duck - Whole,200x50,4326606134,3
Tea Leaves - Oolong,out,6559029182,53
Dc Hikiage Hira Huba,200x50,4062280779,35
Seedlings - Clamshell,100x100,0129389862,65
"Nut - Almond, Blanched, Ground",out,3650106604,74
Rhubarb,200x50,2459072112,29
"Split Peas - Yellow, Dry",200x50,6709455521,68
Wine - Sogrape Mateus Rose,100x100,5740897912,63
Corn Shoots,100x100,2478290545,5
Beer - Mill St Organic,200x50,9175979055,51
"Pasta - Bauletti, Chicken White",200x50,8388759256,30
Tarragon - Fresh,out,9153634802,64
"Appetizer - Mini Egg Roll, Shrimp",50x79,8335637628,59
Carbonated Water - Strawberry,50x79,3095731132,6
Garbage Bag - Clear,50x79,2765981892,39
"Stock - Beef, Brown",out,1093528869,32
"Plate - Foam, Bread And Butter",200x50,1372546677,31
Ecolab Digiclean Mild Fm,50x79,3289142078,73
Pepper - Pablano,out,2452827312,72
"Garlic - Primerba, Paste",200x50,6860921293,61
"Wine - Red, Marechal Foch",200x50,2252790725,72
Wine - Kwv Chenin Blanc South,out,1388409070,16
Tea - Herbal - 6 Asst,50x79,5508851550,32
Tequila - Sauza Silver,out,4157916638,69
Walkers Special Old Whiskey,100x100,6776631344,43
Ice Cream Bar - Drumstick,50x79,9596820230,30
Sesame Seed,50x79,8693031740,13
Milk Powder,50x79,2957885816,45
Mangoes,100x100,7518061260,51
Flounder - Fresh,100x100,0810843900,15
Chick Peas - Dried,50x79,0936401508,58
Bagel - 12 Grain Preslice,50x79,6532200441,16
Beets - Mini Golden,200x50,5766360193,55
Wine - Ice Wine,out,0721935613,5
"Nut - Pecan, Halves",100x100,3203538512,3
Muffin Puck Ww Carrot,50x79,8164572403,17
Chicken - Livers,200x50,7819085363,52
Appetizer - Asian Shrimp Roll,100x100,7796347227,7
Bamboo Shoots - Sliced,out,7442735045,56
Ostrich - Prime Cut,100x100,1676699139,43
"Cheese - Mozzarella, Buffalo",50x79,5129979087,37
Coffee Swiss Choc Almond,50x79,2204030090,57
Beer - Guiness,100x100,6436723943,42
Whmis - Spray Bottle Trigger,50x79,7845593494,61
"Nut - Hazelnut, Whole",100x100,9393044147,19
"Jam - Marmalade, Orange",50x79,4680950684,77
Cheese - Le Cru Du Clocher,200x50,2183864095,39
Kiwi Gold Zespri,100x100,6432156653,14
"Pasta - Fettuccine, Dry",50x79,9380553900,19
Alize Sunset,out,4014666905,55
Pork - Kidney,50x79,9491633147,68
Soho Lychee Liqueur,100x100,6101041093,9
"Beef - Chuck, Boneless",out,0919225543,18
Wine - Chateau Bonnet,50x79,8596313060,5
Shiro Miso,100x100,5273749352,39
Sauce - Hoisin,out,8827216650,62
Apricots - Halves,50x79,1383765596,15
Wine - Sawmill Creek Autumn,200x50,5206500763,39
Oil - Olive Bertolli,100x100,5189771679,18
"Syrup - Monin, Swiss Choclate",out,1619322927,36
Ecolab - Lime - A - Way 4/4 L,100x100,0019812116,36
Lid - 16 Oz And 32 Oz,200x50,9313575981,46
Cheese - Sheep Milk,out,7168477595,4
Cookie - Oreo 100x2,100x100,3751112413,64
Plaintain,100x100,9938671918,65
Soup Knorr Chili With Beans,50x79,5634674417,20
"Wine - Cahors Ac 2000, Clos",200x50,2806457718,17
"Wine - Red, Colio Cabernet",100x100,7769956145,1
Gelatine Powder,50x79,7203678156,3
Wine - Magnotta - Bel Paese White,out,0632232811,12
"Crush - Orange, 355ml",200x50,8799257130,54
"Garlic - Primerba, Paste",out,7599856080,5
Aspic - Amber,out,4152423528,61
"Wine - Magnotta, Merlot Sr Vqa",100x100,4908569738,76
Pepper - Scotch Bonnet,100x100,5557942785,11
Wine - Mondavi Coastal Private,out,4492498168,31
Coffee - Decaffeinato Coffee,100x100,9643547280,26
Chinese Foods - Pepper Beef,out,8035770098,57
Taro Leaves,200x50,4745371276,71
Carbonated Water - Wildberry,50x79,6234580033,55
Lobster - Base,50x79,7670634235,33
Grenadine,100x100,6212015473,32
Dr. Pepper - 355ml,out,7556931498,33
Bamboo Shoots - Sliced,50x79,5550474093,1
Cheese - Cambozola,200x50,8342855554,28
Pepper - Chili Powder,out,0283853247,51
"Stock - Beef, Brown",50x79,4555989783,70
"Cheese - Havarti, Salsa",50x79,9971149265,32
Parsley Italian - Fresh,50x79,4837330401,40
Ice Cream Bar - Oreo Sandwich,200x50,1071244957,52
Crackers - Soda / Saltins,50x79,4342296934,51
Pork Salted Bellies,200x50,3010589727,42
Fond - Chocolate,200x50,3488771288,62
Garbag Bags - Black,50x79,5440313923,39
"Wine - Red, Pelee Island Merlot",200x50,9217718270,61
Cheese - Montery Jack,100x100,1379284368,26
Tea - Herbal I Love Lemon,out,5269659174,22
V8 - Berry Blend,out,7272320680,70
Lid Tray - 16in Dome,100x100,6285854475,42
Turnip - Wax,100x100,4233206691,55
Plums - Red,200x50,5827625825,29
Wine - Prem Select Charddonany,100x100,9107531605,13
"Wine - Sherry Dry Sack, William",50x79,0277486092,7
Bread Base - Italian,out,4463050421,30
Pork - Hock And Feet Attached,out,4030613721,58
Juice Peach Nectar,100x100,8081449612,34
Muffin Mix - Corn Harvest,100x100,7361799957,73
Sage - Ground,200x50,1961617382,60
Shiro Miso,200x50,0132805030,24
Wine - Vovray Sec Domaine Huet,100x100,9298664893,40
Chickensplit Half,out,3263116762,18
Wine - Taylors Reserve,out,5663327711,61
Currants,100x100,1543257054,49
Pears - Anjou,50x79,1063110955,75
Sloe Gin - Mcguinness,50x79,9955205806,76
Cups 10oz Trans,out,9602226250,70
Lamb - Shoulder,200x50,1369911424,76
Flower - Leather Leaf Fern,100x100,5054295232,58
Beer - Guiness,out,1997109557,13
Curry Powder Madras,100x100,9736276236,47
Lettuce - Lambs Mash,200x50,3391616490,14
Pear - Packum,out,4508728073,5
Honey - Liquid,200x50,3419967071,14
"Chocolate - Semi Sweet, Calets",out,7638063090,61
Soup - Campbells Beef Stew,100x100,0108706095,59
Nescafe - Frothy French Vanilla,200x50,5256756869,15
Juice - Propel Sport,50x79,4406158383,8
Energy Drink Red Bull,200x50,2464219800,2
Island Oasis - Cappucino Mix,50x79,1697929575,16
Boogies,200x50,4666505180,40
Rice - 7 Grain Blend,200x50,7304214856,32
"Cheese - Cheddar, Mild",50x79,7196319036,76
Wine - Chianti Classico Riserva,out,6581606944,20
Peppercorns - Green,100x100,7279732151,19
Calypso - Pineapple Passion,50x79,6776732752,43
Pomello,50x79,2043254227,23
Currants,200x50,4558375697,65
Flavouring - Raspberry,out,6036384556,4
"Yogurt - Raspberry, 175 Gr",200x50,8705178339,62
Soup Campbells,50x79,7213891200,2
Foam Espresso Cup Plain White,out,7224700320,30
Fudge - Cream Fudge,200x50,8865845031,7
Peppercorns - Pink,100x100,1952377420,53
Muffin - Mix - Creme Brule 15l,out,8310178522,74
Cactus Pads,50x79,0375496238,42
"Zucchini - Mini, Green",out,1629518042,53
Pastry - Carrot Muffin - Mini,200x50,2703085516,45
Chickensplit Half,200x50,3638398412,59
Rappini - Andy Boy,50x79,0581985982,76
"Loaf Pan - 2 Lb, Foil",100x100,9074947883,62
Glaze - Clear,200x50,7538939784,23
"Halibut - Whole, Fresh",200x50,7113912052,14
"Tart Shells - Sweet, 2",50x79,9750009177,55
Appetizer - Tarragon Chicken,100x100,6767270075,70
"Wine - Cahors Ac 2000, Clos",out,4912167452,49
Wine - Shiraz South Eastern,100x100,6395056638,58
Pineapple - Regular,100x100,2832912117,11
Milk - Homo,100x100,9011004418,36
Cheese - Le Cheve Noir,50x79,4165901199,60
Cumin - Whole,out,2923436180,65
Veal - Inside,out,4178496301,43
Cookies - Assorted,200x50,0147142040,58
Pop - Club Soda Can,out,9262228651,26
Pie Shell - 9,200x50,1278366490,58
Ice Cream Bar - Rolo Cone,50x79,2292705419,32
Chinese Lemon Pork,50x79,6569068725,56
"Pork - Tenderloin, Frozen",100x100,9753874685,8
Croissants Thaw And Serve,50x79,2002010609,49
Water - Perrier,100x100,9517564120,24
Longos - Grilled Veg Sandwiches,50x79,0887126006,48
Appetizer - Shrimp Puff,out,6297258171,36
Cheese - Parmigiano Reggiano,out,1879559781,23
Fond - Chocolate,50x79,0359220754,49
Sausage - Chorizo,100x100,6025932670,7
Papadam,out,8590521699,72
Buffalo - Tenderloin,100x100,1339693992,29
Island Oasis - Magarita Mix,200x50,3738605398,46
Sobe - Lizard Fuel,200x50,2375575946,22
"Wine - Cahors Ac 2000, Clos",200x50,2241104582,76
"Mushroom - Oyster, Fresh",50x79,1226496334,13
Cheese - Parmigiano Reggiano,50x79,7919510945,63
Aromat Spice / Seasoning,100x100,6054140175,6
Tea - Grapefruit Green Tea,50x79,8299033888,46
Bread - 10 Grain Parisian,100x100,2669135153,2
Sping Loaded Cup Dispenser,100x100,0415599520,35
Tarts Assorted,out,8689336249,2
"Soup - Clam Chowder, Dry Mix",100x100,4439828779,27
Pie Box - Cello Window 2.5,200x50,2589072090,14
Steampan Lid,out,7978679454,68
English Muffin,50x79,4693221600,51
Corn Meal,out,3987520809,2
Egg Patty Fried,50x79,0973232293,57
"Stock - Beef, Brown",50x79,0873535219,8
Cocoa Feuilletine,out,8157178169,40
Beef Dry Aged Tenderloin Aaa,out,2234454786,62
Pepperoni Slices,200x50,8053596940,49
Wine - Magnotta - Cab Sauv,200x50,1287807062,67
Eggplant - Regular,200x50,4064392914,62
Long Island Ice Tea,100x100,2800701803,57
Lemon Tarts,100x100,7552575107,29
Bay Leaf Fresh,200x50,2511840316,63
"Pasta - Canelloni, Single Serve",out,2594306037,65
Cheese - Brick With Onion,out,9904028281,49
Flower - Daisies,out,0944322697,26
Cake - Cheese Cake 9 Inch,50x79,1105627128,9
Wine - Barbera Alba Doc 2001,50x79,1723341290,35
Squid - Tubes / Tenticles 10/20,out,9856676274,10
Chip - Potato Dill Pickle,50x79,8558151865,28
Grapes - Green,200x50,3977066439,61
Energy Drink - Redbull 355ml,200x50,9951622828,77
Bread - Malt,200x50,7454900259,59
Limes,out,2055037048,52
Milk - 2%,50x79,0203182030,19
Oil - Pumpkinseed,50x79,1406782742,1
Dip - Tapenade,200x50,6617415728,34
Cinnamon - Stick,200x50,4455019537,57
Pheasants - Whole,200x50,4831940623,67
Pork - Bacon Cooked Slcd,100x100,6229853779,64
Ecolab Silver Fusion,out,1451087543,58
Wine - Riesling Dr. Pauly,50x79,5091311637,27
Broom And Brush Rack Black,200x50,3808499893,10
Gatorade - Cool Blue Raspberry,50x79,2629908585,66
Wine - Alsace Gewurztraminer,100x100,1674256736,77
Wine - Semi Dry Riesling Vineland,200x50,8781912846,56
Cake - Miini Cheesecake Cherry,100x100,9376702719,45
Oil - Sunflower,out,3204896382,35
"Wine - White, Chardonnay",out,3982599083,9
"Mushroom - Oyster, Fresh",100x100,0711991987,25
Nantucket Pine Orangebanana,200x50,5625026521,36
Island Oasis - Cappucino Mix,50x79,0339815620,32
Cheese - Ermite Bleu,50x79,9192614256,39
Water - San Pellegrino,out,6449423277,64
Wine - Pinot Noir Mondavi Coastal,50x79,0083220569,15
"Thyme - Lemon, Fresh",200x50,1289079420,69
Wine - Soave Folonari,100x100,3709544343,12
Bread - Hamburger Buns,out,3358089339,74
Chevril,200x50,2181433550,75
Kippers - Smoked,100x100,6695041156,23
Garbage Bags - Black,50x79,3739243260,22
Yogurt - French Vanilla,100x100,6847533986,75
Bamboo Shoots - Sliced,out,4029932762,51
Wine - Sicilia Igt Nero Avola,50x79,9868186536,19
Island Oasis - Raspberry,100x100,2168283818,73
Onions - Cooking,100x100,3770913620,75
Barley - Pearl,out,6941838574,14
Vinegar - Champagne,50x79,4767641098,26
Spice - Chili Powder Mexican,50x79,4246245763,19
Beef Striploin Aaa,200x50,1537443623,6
Sauce - Soy Low Sodium - 3.87l,out,6083865344,38
Lobak,out,9999548407,72
Muffin Orange Individual,100x100,9600171319,51
Banana - Leaves,100x100,0537244395,43
Grouper - Fresh,out,8410769042,70
Flounder - Fresh,100x100,9689881701,48
"Artichokes - Knobless, White",50x79,0374882444,77
Cream - 35%,50x79,5093143839,53
"Shrimp - 16/20, Iqf, Shell On",100x100,3496527382,68
Tumeric,100x100,1988191912,60
Beer - Molson Excel,50x79,1185229604,44
Cake - Box Window 10x10x2.5,50x79,2713888794,68
Fork - Plastic,50x79,2809379904,19
Pear - Prickly,200x50,1686478747,55
Silicone Parch. 16.3x24.3,100x100,8489762996,9
Bread - Pita,100x100,7568175146,36
"Nut - Pecan, Pieces",100x100,5960132532,5
"Tart Shells - Savory, 2",100x100,7153543058,11
Wine - Magnotta - Cab Sauv,50x79,5591124003,8
Bread - Assorted Rolls,200x50,1738282821,41
"Sauce - Apple, Unsweetened",100x100,4834560457,60
"Olives - Black, Pitted",50x79,8742398398,72
Sugar - Individual Portions,100x100,8357946186,8
Smoked Paprika,100x100,1518958583,19
Radish - Pickled,100x100,2972014758,77
Spring Roll Wrappers,out,7500634641,59
Sauce - Balsamic Viniagrette,100x100,7810115685,48
Cod - Black Whole Fillet,200x50,6791620412,21
Chocolate Eclairs,50x79,6394460397,51
Bacardi Breezer - Strawberry,50x79,4251859030,73
Wine - Pinot Noir Pond Haddock,200x50,9762528727,20
"Wine - Red, Harrow Estates, Cab",50x79,4852353891,36
Ham - Proscuitto,50x79,2553954611,70
"Nestea - Ice Tea, Diet",200x50,7587494529,28
Tuna - Salad Premix,100x100,5548039768,8
Cheese - Brick With Pepper,200x50,8005828527,18
"Bread - Roll, Canadian Dinner",100x100,1354007492,67
Island Oasis - Banana Daiquiri,50x79,8307526329,47
Yogurt - French Vanilla,out,8934133589,54
"Pepper - White, Ground",200x50,0550645233,64
"Soup - Campbells, Classic Chix",200x50,8016251137,14
Lamb - Bones,200x50,4102757015,21
Cinnamon - Stick,out,9609036856,73
Rosemary - Dry,50x79,6291255510,45
Chocolate - Dark Callets,100x100,0179616943,76
Rye Special Old,100x100,5809406114,9
"Orange - Canned, Mandarin",100x100,2685003428,20
Wild Boar - Tenderloin,200x50,0142191620,2
Pumpkin,100x100,3997111324,44
Rice Paper,50x79,0912916532,73
Wine - Redchard Merritt,50x79,8435006255,51
Cleaner - Bleach,200x50,0128641959,15
Coffee - Espresso,out,7360271452,60
"Octopus - Baby, Cleaned",50x79,0052025225,2
Ham - Cooked Bayonne Tinned,50x79,5431515810,48
Ice Cream - Fudge Bars,100x100,6617455096,20
"Tart Shells - Savory, 4",200x50,5394848246,61
Mince Meat - Filling,out,5690302430,17
"Nut - Walnut, Pieces",50x79,1925564533,69
"Salsify, Organic",50x79,8161247188,30
Apples - Sliced / Wedge,100x100,9358534494,63
Pastry - Mini French Pastries,100x100,6630927397,9
Cup - 8oz Coffee Perforated,100x100,2000448275,8
Milk - 2% 250 Ml,50x79,9072872398,5
Pop - Club Soda Can,100x100,0791731634,6
"Rum - Cream, Amarula",out,3673011278,63
"Pork - Back, Long Cut, Boneless",200x50,0914908421,5
Bok Choy - Baby,out,8255081526,15
Trueblue - Blueberry Cranberry,200x50,6600705728,74
Flour - So Mix Cake White,200x50,7250964186,1
Wine - Fat Bastard Merlot,100x100,8854312460,53
Cheese - Bakers Cream Cheese,100x100,6446798504,5
Corn Meal,50x79,7804270690,22
Soup - Campbells - Tomato,100x100,8474245184,61
Straw - Regular,200x50,4116269433,24
V8 - Berry Blend,out,9715753582,76
Nantuket Peach Orange,out,5736885581,19
Beef - Diced,50x79,1093933011,46
"Pepper - Red, Finger Hot",50x79,4948873241,75
Vaccum Bag 10x13,out,6627799340,1
White Baguette,100x100,0118201646,6
Silicone Parch. 16.3x24.3,50x79,8502002392,38
Clam - Cherrystone,50x79,2186634295,53
Hot Chocolate - Individual,out,2572980002,71
Bar Special K,100x100,3762409560,68
Versatainer Nc - 888,50x79,8903026128,4
Tart - Lemon,50x79,8365536293,61
Pepper - Sorrano,100x100,5263176384,22
"Pork - Ham, Virginia",200x50,2818874467,52
Kiwano,out,4806065935,7
"Yogurt - Cherry, 175 Gr",out,3673199145,26
Cheese - Colby,200x50,0918253551,48
Horseradish Root,50x79,5930862125,24
Plate Pie Foil,out,2268042480,69
Cheese - Parmesan Cubes,100x100,8770377227,46
"Turkey - Breast, Bone - In",100x100,5375342898,33
Jolt Cola,out,5849314385,29
Onions - White,50x79,1516954165,42
Oneshot Automatic Soap System,50x79,0977340716,55
Fenngreek Seed,50x79,1284552640,73
Anisette - Mcguiness,200x50,7068271847,38
Lentils - Green Le Puy,100x100,8851880700,25
"Radish - Black, Winter, Organic",100x100,0813993857,19
Tea - Apple Green Tea,200x50,0874610974,17
Rum - Mount Gay Eclipes,out,5185201223,12
"Basil - Primerba, Paste",100x100,9642350076,13
Paper Towel Touchless,100x100,7362874448,38
"Bread - Roll, Whole Wheat",200x50,3132893331,72
Beer - Upper Canada Light,50x79,8367479157,19
Cheese - Oka,100x100,8663199821,42
Huck White Towels,50x79,8191189909,72
"Coke - Diet, 355 Ml",100x100,9558457019,51
Longos - Penne With Pesto,out,7152760101,21
"Crush - Orange, 355ml",out,6492578430,27
Plums - Red,out,7445236910,57
"Lettuce - Mini Greens, Whole",50x79,5182281374,15
Ecolab - Balanced Fusion,200x50,2282619668,71
"Sauce - Soya, Dark",100x100,2383020397,44
Juice - Orange 1.89l,200x50,8250933265,41
Wine - Redchard Merritt,out,3623711187,8
Plate Foam Laminated 9in Blk,50x79,3874157105,2
Cheese - Ermite Bleu,out,4480491783,3
Numi - Assorted Teas,50x79,0990299864,54
Cream - 35%,200x50,4613152267,20
Muffin - Blueberry Individual,100x100,7872209179,38
Appetizer - Chicken Satay,100x100,3344989057,13
Sauce - Plum,out,6154197241,18
Vinegar - Red Wine,200x50,5124765097,6
"Bread - Rolls, Corn",100x100,2695410263,22
Garam Masala Powder,50x79,1708352260,8
"Wine - Red, Wolf Blass, Yellow",50x79,5592739796,67
Spice - Pepper Portions,50x79,5069669354,41
Sausage - Blood Pudding,100x100,3542230146,11
Onions - Pearl,out,9748125971,34
Bagel - Ched Chs Presliced,50x79,3260538623,11
"Pasta - Lasagna Noodle, Frozen",50x79,6933036685,3
Flour - Fast / Rapid,200x50,0409596124,76
"Nut - Pine Nuts, Whole",out,8732262981,10
Rice Paper,200x50,1982089210,15
Potatoes - Mini White 3 Oz,100x100,6527318081,45
